{"cameraMode":{"drawMode":0,"name":"Shaded","section":"Shading Mode"},"sceneLighting":false,"audioPlay":false,"sceneViewState":{"m_AlwaysRefresh":false,"showFog":true,"showSkybox":false,"showFlares":true,"showImageEffects":true,"showParticleSystems":true,"showVisualEffectGraphs":true,"m_FxEnabled":true},"in2DMode":false,"pivot":{"x":-0.11142921447753906,"y":-1.8972127437591553,"z":-1.9425621032714844},"rotation":{"x":0.005858105607330799,"y":0.9347093105316162,"z":0.015424394980072976,"w":-0.35503190755844118},"size":8.88794994354248,"orthographic":false}